publication.year,top1keyword,n_articles
1999,NA,709
1999,cointegration,183
1999,incentives,77
1999,public goods,73
1999,group lending,61
1999,monetary policy,43
1999,agricultural policy,20
1999,agricultural household models,6
1999,autoregressive model,6
1999,block shareholdings in Europe,6
1999,labor-turnover,5
1999,Chinese economy,4
1999,additivity,4
1999,artificial neural networks,4
1999,horizontal equity,4
1999,inflation,4
1999,transition,4
1999,Ad valorem taxation,3
1999,carbon treaties,3
1999,co-financing,3
1999,decomposable inequality measure,3
1999,inefficiencies,3
1999,(over)identifying restrictions,2
1999,Grameen Bank,2
1999,Heckscher-Ohlin,2
1999,affine factor models,2
1999,applied general equilibrium,2
1999,capacity,2
1999,capital investment,2
1999,comparative advantage,2
1999,consumption,2
1999,cost-benefit analysis,2
1999,crime,2
1999,demand and supply shocks,2
1999,earnings tests,2
1999,economic research,2
1999,family,2
1999,inflation targeting,2
1999,investment,2
1999,parallel markets,2
1999,AFDC,1
1999,AGE model,1
1999,Armington elasticities,1
1999,CGE modeling,1
1999,FDI,1
1999,Lindahl equilibrium,1
1999,academic salaries,1
1999,adverse shocks,1
1999,asymmetric information,1
1999,chronic inflation,1
1999,common preferences,1
1999,concavity,1
1999,conditional convergence,1
1999,consumer good imports,1
1999,convergence,1
1999,corporate tax,1
1999,cost sharing,1
1999,credit,1
1999,cross-culture study,1
1999,debt reduction,1
1999,differenced VAR models,1
1999,differentiated product oligopoly,1
1999,earnings inequality,1
1999,education financing,1
1999,endogenous growth,1
1999,enterprise,1
1999,enterprise behaviour,1
1999,equivalence scales,1
1999,fractional integration,1
1999,health care,1
1999,holdouts,1
1999,informal finance,1
1999,international policy coordination,1
1999,marginal product,1
1999,monetary policy targets and instruments,1
2000,NA,751
2000,cointegration,132
2000,growth,82
2000,welfare,60
2000,economic growth,52
2000,monetary policy,45
2000,inflation,25
2000,cotton,20
2000,interest rates,7
2000,Britain,6
2000,atrophy rates,6
2000,credit ratings,6
2000,additive model,5
2000,business groups,5
2000,corruption,5
2000,China,4
2000,Great Depression,4
2000,agrarian contracts,4
2000,banking competition,4
2000,banking system,4
2000,capital controls,4
2000,crime,4
2000,discrimination,4
2000,Central and Eastern Europe,3
2000,asymmetric information,3
2000,bank insolvencies,3
2000,banks,3
2000,bureaucracy,3
2000,closure,3
2000,comovement,3
2000,credibility,3
2000,economic transition,3
2000,education,3
2000,exchange rate,3
2000,inflation targeting,3
2000,A-dominance,2
2000,applied general equilibrium model,2
2000,asymmetric adjustments,2
2000,backdating,2
2000,bribery,2
2000,catch-up,2
2000,cointegration analysis,2
2000,common property,2
2000,debt,2
2000,decomposition,2
2000,economic transformation,2
2000,equity return volatility,2
2000,evaluation methodology,2
2000,excess burden,2
2000,financial discipline,2
2000,firm size,2
2000,flow data,2
2000,Egypt,1
2000,FEVD,1
2000,Kalman filter,1
2000,aggregation,1
2000,almost ideal demand model,1
2000,altruism,1
2000,announcements,1
2000,applied general equilibrium models,1
2000,bank runs,1
2000,bayesian learning,1
2000,cliometrics,1
2000,consumption smoothing,1
2000,development and non-development government,1
2000,dictator,1
2000,direct democracy,1
2000,dual exchange rates,1
2000,econometric modelling,1
2000,error-correction,1
2000,fiscal policy,1
2000,government revenue,1
2000,government-debt sustainability,1
2000,human capital and learning models,1
2000,incentive,1
2000,input distance function,1
2000,investment,1
2000,labor supply,1
2000,liquidity trap,1
2000,non-homogenous duration dependence,1
2000,sectoral composition,1
2000,tax reform,1
2001,NA,759
2001,cointegration,159
2001,growth,79
2001,taxation,71
2001,corruption,61
2001,business cycles,44
2001,bubbles,29
2001,African-American,18
2001,adjustment costs,12
2001,accidental model,9
2001,assimilation,8
2001,distributive justice,8
2001,business groups,7
2001,ascending auctions,6
2001,bribe,6
2001,agency costs,5
2001,black market exchange rates,5
2001,budget deficits,5
2001,internal rate of return,5
2001,ARFIMA,4
2001,capital controls,4
2001,cost of capital,4
2001,entrepreneurship,4
2001,Beveridge-Nelson decomposition,3
2001,European commision,3
2001,aggregate productivity,3
2001,competitiveness,3
2001,cycles,3
2001,gender,3
2001,AFDC generosity,2
2001,Europe,2
2001,India,2
2001,activist policies,2
2001,asset pricing,2
2001,chronic poverty,2
2001,classical and Bayesian analyses,2
2001,consumption,2
2001,cooperation,2
2001,credit channel,2
2001,direct and indirect effects,2
2001,dollarization,2
2001,endogenous protection,2
2001,female employment,2
2001,mortality,2
2001,unemployment,2
2001,Ghana,1
2001,accounting approach,1
2001,algorithm,1
2001,bank failures,1
2001,bank underwriting and fund management,1
2001,banking,1
2001,block grants,1
2001,common agency,1
2001,consumption risk,1
2001,credibility,1
2001,crime,1
2001,disability insurance,1
2001,divorce,1
2001,education,1
2001,emerging economies,1
2001,employment,1
2001,equipment investment,1
2001,excess returns,1
2001,exchange rates,1
2001,exports,1
2001,financial deepening,1
2001,franchising,1
2001,income distribution,1
2001,income policies,1
2001,inequality,1
2001,inequality decomposition,1
2001,internal labor markets,1
2001,law of one price,1
2001,mass media,1
2001,multifaction productivity,1
2001,neoclassical theory of preferences,1
2001,small and large-scale privatization,1
2002,NA,678
2002,cointegration,180
2002,growth,69
2002,Africa,56
2002,inequality,55
2002,business cycles,53
2002,wage inequality,22
2002,3G,11
2002,ARDL method,9
2002,agglomeration,8
2002,agricultural development,7
2002,expected inflation,7
2002,panel data,7
2002,bootstrap,6
2002,adjustment cost,5
2002,aggregate price shocks,5
2002,causal effects,5
2002,asset pricing,4
2002,attendance,4
2002,employer health insurance,4
2002,fractional integration,4
2002,inheritance,4
2002,Argentina,3
2002,Eastern Europe,3
2002,binary choice,3
2002,bivariate GARCH,3
2002,convergence,3
2002,Canadian economic history,2
2002,Chinese,2
2002,Engel functions,2
2002,asset-price volatility,2
2002,axiomatic approach,2
2002,common currency,2
2002,consumer demand,2
2002,core inflation,2
2002,exchange rate systems,2
2002,factor allocation,2
2002,federal funds,2
2002,ARDL cointegration,1
2002,African agriculture,1
2002,CGE model,1
2002,Engel's law,1
2002,acquisitions,1
2002,ageing,1
2002,alruism,1
2002,arrears,1
2002,asymmetric information,1
2002,business cycle,1
2002,canal irrigation,1
2002,capital account liberalization,1
2002,capital accumulation,1
2002,cellular automata,1
2002,climate change,1
2002,clubs,1
2002,common property,1
2002,comovement,1
2002,compensating wage differentials,1
2002,computable general equilibrium (CGE),1
2002,computable general equilibrium models,1
2002,cost sharing,1
2002,covered interest parity,1
2002,decentralization,1
2002,dynamic comparative advantage,1
2002,empirical contract theory,1
2002,endogenous devaluation risk,1
2002,exports,1
2002,income,1
2002,income tax,1
2002,inflation expectations,1
2002,inflation tax,1
2002,investment,1
2002,labeling,1
2002,labour supply,1
2002,living standards,1
2002,matching,1
2002,poverty,1
2002,public policy,1
2002,skill-biased technological change,1
2003,NA,676
2003,panel data,161
2003,redistribution,104
2003,cointegration,68
2003,growth,67
2003,monetary policy,58
2003,banks,42
2003,convergence,20
2003,financial constraints,7
2003,asymmetry,6
2003,axiomatic characterizations,6
2003,behavioral responses,5
2003,banking,4
2003,bargaining,4
2003,developing countries,4
2003,agglomeration,3
2003,asymmetric policy reactions,3
2003,broken windows theory,3
2003,busing,3
2003,corporate governance,3
2003,developing labor markets,3
2003,efficiency,3
2003,entrepreneurship,3
2003,'native flight',2
2003,British industrial revolution,2
2003,Cote d'Ivoire,2
2003,Human Development Index,2
2003,Mexico,2
2003,NAFTA,2
2003,age,2
2003,asset pricing,2
2003,auctions,2
2003,business location,2
2003,capital taxation,2
2003,compensating differentials,2
2003,consumption smoothing,2
2003,discounting,2
2003,dynamic modeling,2
2003,economic growth,2
2003,environment,2
2003,exchange rates,2
2003,export requirement,2
2003,family separations,2
2003,household consumption,2
2003,implicit contracts,2
2003,American depositary receipts (ADRs),1
2003,European Monetary Union,1
2003,German emigration,1
2003,Grameen Bank,1
2003,Mauritius,1
2003,agricultural productivity,1
2003,asymmetric adjustment costs,1
2003,bank behavior,1
2003,collective action,1
2003,commodity money,1
2003,compass rose,1
2003,conditionality,1
2003,conflict resolutions,1
2003,credit risk,1
2003,decentralization,1
2003,distribution,1
2003,dynamic general equilibrium model,1
2003,earnings,1
2003,efficient equity,1
2003,emerging markets,1
2003,exposure,1
2003,financial markets,1
2003,firm growth,1
2003,firm heterogeneity,1
2003,fiscal sustainability,1
2003,forecasting,1
2003,hazard models,1
2003,housing prices,1
2003,income tax,1
2003,informal lenders,1
2003,intergovernmental grants,1
2003,international environmental agreements,1
2003,liberalization,1
2003,minimum wages,1
2003,new enterprise formation,1
2003,operational time,1
2003,persistence profiles,1
2003,portfolio choice,1
2003,selection effects,1
2003,slave price,1
2003,stochastic distortionary taxation,1
2004,NA,620
2004,investment,150
2004,monetary policy,108
2004,competition,102
2004,education,66
2004,business cycles,55
2004,economic growth,21
2004,ARCH,10
2004,adjustment lags,9
2004,factor models,8
2004,consumption,7
2004,real exchange rates,7
2004,human capital,6
2004,Britain,5
2004,absenteeism,5
2004,agricultural revolution,5
2004,balance sheet effects,5
2004,capital mobility,5
2004,developing countries,5
2004,productivity,5
2004,simulation properties,5
2004,transition,5
2004,EMU,4
2004,cycles,4
2004,20th century,3
2004,asymmetric information,3
2004,atmosphere externality,3
2004,capital outflow/inflow,3
2004,commercial policy uncertainty,3
2004,convergence,3
2004,crime,3
2004,decomposition,3
2004,equivalence scales,3
2004,exchange rates,3
2004,ADRs,2
2004,Australian dollar,2
2004,adjustment costs,2
2004,autoregressive jump intensity,2
2004,climacteric,2
2004,climate change,2
2004,composite cost function,2
2004,contagion,2
2004,credit constraints,2
2004,differential demand system,2
2004,discrete duration model,2
2004,educational reform,2
2004,famine,2
2004,formal and informal institutions,2
2004,macroeconomic consequences,2
2004,CGE models,1
2004,Colombia,1
2004,Ethiopia,1
2004,Fisher effect and monetary policy regimes,1
2004,access to international know-how,1
2004,altruism,1
2004,asymmetric shocks,1
2004,automatic stabilisers,1
2004,benefit entitlement,1
2004,biological well-being,1
2004,budget deficits,1
2004,children,1
2004,cointegration,1
2004,compliance,1
2004,computable general equilibrium,1
2004,consumer economics,1
2004,count data model,1
2004,decentralization,1
2004,economic integration,1
2004,euro area economies,1
2004,exchange,1
2004,experiment,1
2004,field experiment,1
2004,finance,1
2004,firm productivity,1
2004,foreign education,1
2004,fundamental equilibrium exchange rate,1
2004,general equilibrium,1
2004,growth regressions,1
2004,health,1
2004,immigration,1
2004,income distribution,1
2004,incomplete markets,1
2004,intergenerational transfers,1
2004,matched employer-employee panel data,1
2004,political integration,1
2005,NA,618
2005,convergence,161
2005,children,86
2005,international trade,74
2005,economic growth,61
2005,monetary policy,59
2005,cointegration,48
2005,bank,24
2005,Africa,8
2005,accountability,7
2005,bank lending channel,7
2005,bankruptcy costs,6
2005,bills of credit,5
2005,border effects,5
2005,inflation,5
2005,Austro-Hungary,4
2005,Nash equilibrium,4
2005,almost common-value auction,4
2005,applied general equilibrium,4
2005,assets,4
2005,balance sheets,4
2005,causality,4
2005,censored LAD,4
2005,congestion pricing,4
2005,AGE models,3
2005,additive outliers,3
2005,big push,3
2005,collusion,3
2005,computable general equilibrium modeling,3
2005,cyclicality,3
2005,decentralization,3
2005,development projects,3
2005,income effects,3
2005,Bayesian analysis,2
2005,FDI,2
2005,bank failure,2
2005,change point,2
2005,clean development mechanism,2
2005,cohort crowding,2
2005,commitment mechanisms,2
2005,commons,2
2005,comparison income,2
2005,competing risks,2
2005,consumption baskets,2
2005,cox proportional hazard models,2
2005,demand for labour,2
2005,econometric modelling,2
2005,enforcement,2
2005,excess burden,2
2005,inflation dynamics,2
2005,learning-by-exporting,2
2005,Bernstein polynomials,1
2005,applied CGE modelling,1
2005,bank privatization,1
2005,barter,1
2005,bias technical change,1
2005,business fluctuations,1
2005,cash-in-advance constraint,1
2005,child cost,1
2005,child nutrition,1
2005,climate change,1
2005,cohort size effects,1
2005,committees,1
2005,corporate debt,1
2005,corruption,1
2005,country risk,1
2005,crime,1
2005,debt,1
2005,distortions,1
2005,duration,1
2005,dynamic simulation,1
2005,economic development,1
2005,economic reform,1
2005,education,1
2005,employment,1
2005,endogenous natural rate of unemployment,1
2005,endogenous productivity growth,1
2005,environmental tax,1
2005,expectation,1
2005,external financing,1
2005,female labor force participation,1
2005,field experiment,1
2005,firm entry,1
2005,firms' money demand,1
2005,fiscal federalism,1
2005,foreign borrowing,1
2005,genocide,1
2005,growth,1
2005,homogeneity tests,1
2005,hourly data,1
2005,incentives of local government,1
2005,inequality,1
2005,non-linearity,1
2005,opportunism,1
2005,principal-agent model,1
2005,rent control,1
2006,NA,629
2006,growth,186
2006,fiscal federalism,96
2006,incomplete markets,88
2006,fiscal policy,76
2006,corruption,59
2006,economic growth,51
2006,central banking,24
2006,causality,23
2006,cartel stability,9
2006,allocation of time,8
2006,capital accumulation,8
2006,buffer stocks,7
2006,border patrol,6
2006,Africa,5
2006,agglomeration,5
2006,asset returns,5
2006,Armington elasticity,4
2006,absorptive capacity,4
2006,backward projection,4
2006,bailouts,4
2006,black market rate,4
2006,discrete choice models,4
2006,discriminatory rates,4
2006,exchange rates,4
2006,migration,4
2006,BLS test,3
2006,Bayesian estimation,3
2006,absorption,3
2006,adjustment costs,3
2006,arbitrage,3
2006,bootstrapping,3
2006,business cycles,3
2006,child labor,3
2006,employment,3
2006,inequality,3
2006,AIDS,2
2006,China,2
2006,Great Depression,2
2006,ability tracking,2
2006,asset specificity,2
2006,bargaining,2
2006,behavioural models,2
2006,between and within-group inequality,2
2006,biological welfare,2
2006,capital adjustment costs,2
2006,catching-up,2
2006,class size,2
2006,cointegration,2
2006,conditional heteroskedasticity,2
2006,covered interest parity,2
2006,currency crisis,2
2006,current accounts,2
2006,deindustrialization,2
2006,diversification,2
2006,education,2
2006,generalized impulse response function,2
2006,government consumption expenditure,2
2006,health externalities,2
2006,hysteresis,2
2006,limited-dependent rational-expectations models,2
2006,risk sharing,2
2006,ADRs,1
2006,Ethiopia,1
2006,active labour market policy,1
2006,adaptive learning,1
2006,age at immigration,1
2006,asset risk,1
2006,bank coalition,1
2006,banking,1
2006,bankruptcy,1
2006,borders,1
2006,budget,1
2006,buyer power,1
2006,central bank reaction function,1
2006,competences,1
2006,computable general equilibrium,1
2006,computational economics,1
2006,contractual opportunism,1
2006,currency board,1
2006,demography,1
2006,disinflation,1
2006,distance function,1
2006,elderly welfare,1
2006,election rules,1
2006,expectations,1
2006,exports,1
2006,extended households,1
2006,external debt,1
2006,fiscal equalization,1
2006,foreign investment,1
2006,generalized school choice,1
2006,income elasticity of calories,1
2006,income shifting,1
2006,informal sector,1
2006,international integration,1
2006,investment,1
2006,nonparametric methods,1
2006,private money,1
2007,NA,743
2007,asymmetric information,157
2007,monetary policy,113
2007,public goods,90
2007,growth,84
2007,foreign direct investment,77
2007,capital mobility,53
2007,banking,32
2007,co-movement,11
2007,Economic growth,10
2007,Bayesian analysis,9
2007,Anthropometric history,8
2007,political economy,8
2007,401(k) plan,6
2007,bivariate probit,6
2007,capital subsidies,6
2007,fiscal sustainability,6
2007,Bayesian Nash equilibrium,5
2007,balanced incentives,5
2007,catch up,5
2007,education,5
2007,asset pricing models,4
2007,asymmetric,4
2007,bank,4
2007,bribery,4
2007,budget constraint,4
2007,bull and bear market regimes,4
2007,business cycle,4
2007,business cycles,4
2007,cost and benefit analysis,4
2007,economic fluctuations,4
2007,employment,4
2007,policy evaluation,4
2007,Brazil,3
2007,British balance of payments,3
2007,aggregate Luenberger productivity indicator,3
2007,aggregation,3
2007,annuity,3
2007,borrowing constraints,3
2007,child labor,3
2007,cross-border shopping,3
2007,current account,3
2007,inequality,3
2007,migration,3
2007,18th c. Amsterdam,2
2007,Asian financial crisis,2
2007,Bailout,2
2007,Bayes Factors,2
2007,Cyclical sensitivity of unemployment,2
2007,adjustment costs,2
2007,asymmetric exchange rate intervention,2
2007,asymmetry,2
2007,average UK regional male wages,2
2007,citrus farming,2
2007,cointegration,2
2007,college jobs,2
2007,comparative economic history,2
2007,compensation to Palestinian refugees,2
2007,corruption,2
2007,cost of living,2
2007,day-ahead market,2
2007,decentralization,2
2007,disinflation,2
2007,economic geography,2
2007,effort elasticities,2
2007,flypaper effect,2
2007,frequency domain analysis,2
2007,horizontal inequity,2
2007,market efficiency,2
2007,observable skills,2
2007,AIDS,1
2007,Africa,1
2007,Bayesian,1
2007,British engineering,1
2007,Business cycles,1
2007,CGE,1
2007,CPI data,1
2007,Career interruptions,1
2007,China,1
2007,Euler-Equation,1
2007,German Empire,1
2007,Markov inflation,1
2007,Marshallian inefficiency,1
2007,advance notice,1
2007,allocative efficiency,1
2007,arsenic,1
2007,asset prices,1
2007,bargaining,1
2007,benefit take-up,1
2007,bias,1
2007,bottom-up,1
2007,cointegration with exogenous variables,1
2007,collective action,1
2007,compensating wage differentials,1
2007,cooperation,1
2007,credibility,1
2007,credit constraints,1
2007,cross-regional estimates,1
2007,defined contribution schemes,1
2007,development,1
2007,differential inflation,1
2007,discrimination,1
2007,dual track liberalization,1
2007,dyadic models,1
2007,economic growth,1
2007,efficiency,1
2007,elections,1
2007,equilibrium interest rate,1
2007,euro cash,1
2007,exchange rates,1
2007,export competition,1
2007,externalities,1
2007,financial constraints,1
2007,financial development,1
2007,human capital,1
2007,instability,1
2007,inter-vivos transfers,1
2007,life satisfaction,1
2007,railways,1
2007,school performance,1
2008,NA,792
2008,cointegration,251
2008,happiness,112
2008,efficiency,93
2008,monetary policy,91
2008,growth,62
2008,economic growth,55
2008,Central bank independence,45
2008,18th century,36
2008,allocative efficiency,14
2008,public goods,12
2008,Agglomeration economies,11
2008,Artificial regression,10
2008,between-group decomposition,10
2008,asymmetric cost pass-through,8
2008,monetary convergence,8
2008,foreign direct investment,7
2008,Additivity property,6
2008,Asian stock markets,6
2008,Asymmetric information,6
2008,Economics of scale,6
2008,audio-visual goods' prices,6
2008,convergence,6
2008,Bargaining power,5
2008,Hyperinflation,4
2008,aggregation,4
2008,asymmetric shocks,4
2008,beauty,4
2008,business taxation,4
2008,canonical correlation analysis,4
2008,coffee crisis,4
2008,difference-in-differences,4
2008,female education,4
2008,Annexation,3
2008,Asian-Pacific real exchange rates,3
2008,Bequests,3
2008,Canada,3
2008,Club goods,3
2008,Enforcement,3
2008,aggregate accounting,3
2008,allocation of public education spending,3
2008,averting behavior,3
2008,banking,3
2008,bequests,3
2008,counterfactual,3
2008,forecasting,3
2008,structural breaks,3
2008,Age gap,2
2008,Autoregressive distributed lag (ARDL),2
2008,Biological standard of living,2
2008,Blinder-Oaxaca decomposition,2
2008,Brownian motion,2
2008,Crime,2
2008,European emigration,2
2008,agglomeration,2
2008,asymmetric volatility,2
2008,attitudes towards immigrants,2
2008,autocorrelation,2
2008,behavioral response to taxes,2
2008,business cycle,2
2008,cash transfers,2
2008,centralization,2
2008,child labor,2
2008,coalition proofness,2
2008,conditional variance,2
2008,empirics,2
2008,farm household behaviour,2
2008,firm size distribution,2
2008,fraud,2
2008,informal sector,2
2008,ARDL bounds test,1
2008,Adaptive learning,1
2008,Aging,1
2008,Alignment,1
2008,Asia including middle east,1
2008,Bankruptcy,1
2008,Buyer investment,1
2008,CES production function,1
2008,CPI bias,1
2008,Christianity,1
2008,Decentralization,1
2008,Developed and Developing Markets,1
2008,Disincentive effects,1
2008,Duration models,1
2008,Dynamic panel model,1
2008,EMU,1
2008,Economic history,1
2008,English language ability,1
2008,Europe,1
2008,Exchange rates,1
2008,Experiment,1
2008,Intertemporal government budget constraint,1
2008,Laspeyres' paradox,1
2008,Optimal monetary policy,1
2008,Shirking,1
2008,anonymity,1
2008,bank branches,1
2008,bank lending,1
2008,bounds test,1
2008,business cycles,1
2008,causality,1
2008,collective action,1
2008,contract enforcement,1
2008,corporate taxation,1
2008,deindustrialization,1
2008,discrimination,1
2008,distributional concerns,1
2008,education,1
2008,electricity,1
2008,elite capture,1
2008,experiment,1
2008,fee-for-service scheme,1
2008,financial crisis,1
2008,foreign aid,1
2008,higher education finance,1
2008,hog cycle,1
2008,imported intermediates,1
2008,incentive effects,1
2008,inequality,1
2008,international trade,1
2008,job separation rates,1
2008,labour demand,1
2008,market demand growth,1
2008,menu costs,1
2008,non-additive entropy,1
2008,nonlinear pricing,1
2008,party cues,1
2008,pre-primary education,1
2008,rates of return,1
2008,relative deprivation,1
2009,NA,685
2009,Monetary policy,273
2009,Inequality,141
2009,Economic growth,126
2009,G32,122
2009,Collective action,92
2009,Health,25
2009,Anthropometric history,13
2009,Business cycles,13
2009,Asian stock markets,10
2009,Ageing,9
2009,Alignment,8
2009,Agricultural markets,7
2009,Access pricing,6
2009,Beveridge-Nelson decomposition,6
2009,Corruption,6
2009,Ability tracking,5
2009,Aggregation bias,5
2009,Birth-order effects,5
2009,Economic transition,5
2009,Accountability,4
2009,Agricultural trade policy,4
2009,Aid allocation,4
2009,Almost Ideal Demand System,4
2009,Bail out,4
2009,Bank efficiency,4
2009,Capital structure,4
2009,Climate change,4
2009,Comprehensive school,4
2009,Euro cash changeover,4
2009,Female labor force participation,4
2009,G1,4
2009,G14,4
2009,Bargaining,3
2009,Bayesian estimation,3
2009,Business cycle,3
2009,Capital outflows,3
2009,Dutch Disease,3
2009,ECB,3
2009,Employment,3
2009,Export tax,3
2009,Adverse selection,2
2009,Africa,2
2009,Age at entry,2
2009,Aggregate relative poverty,2
2009,Beliefs,2
2009,Bequests,2
2009,Betting odds,2
2009,Budget deficits,2
2009,Business cycle chronology,2
2009,Business group,2
2009,Causality,2
2009,Central Banking,2
2009,Cointegration,2
2009,Contractual efficiency,2
2009,Contrarian strategy,2
2009,Crime and punishment,2
2009,Cultural differences,2
2009,Cycles,2
2009,Diversification,2
2009,Early modern Castile,2
2009,Economic development,2
2009,Euro,2
2009,Family background,2
2009,Female autonomy,2
2009,Financial accelerator,2
2009,Financialization,2
2009,Fiscal performance,2
2009,Foreign direct investment,2
2009,Foreign experts,2
2009,Game theory,2
2009,Human capital,2
2009,Inventory models,2
2009,Optimal taxation,2
2009,Transition economies,2
2009,AIDS treatment,1
2009,Advantageous selection,1
2009,Agricultural history,1
2009,Agricultural household models,1
2009,Aid,1
2009,Almost ideal model,1
2009,Amalgamations,1
2009,Assembly,1
2009,Asymmetric cointegration,1
2009,Asymmetric information,1
2009,BEER,1
2009,Basic interest rate,1
2009,Bayesian Model Averaging,1
2009,Behavioral model,1
2009,Biological wellbeing,1
2009,Branded-generic competition,1
2009,Buffer stock model,1
2009,CPH,1
2009,Cartels,1
2009,Central bank independence,1
2009,Child height,1
2009,China,1
2009,Cognitive abilities,1
2009,Collateral constraint,1
2009,Company performance,1
2009,Contract intensive money,1
2009,Convergence,1
2009,Credit,1
2009,Cross-section dependence,1
2009,Crowding out,1
2009,Data estimation methodology,1
2009,Demonstration effect,1
2009,Distance effects,1
2009,Dollarization,1
2009,Domestic market industries,1
2009,Dynamic CGE model,1
2009,Dynamic panel estimation,1
2009,E32,1
2009,Early modern period,1
2009,Emerging economy,1
2009,Enforcement,1
2009,Euler equation,1
2009,European payments,1
2009,Exchange clubs,1
2009,Female employment,1
2009,Fiscal policy,1
2009,Forecasting,1
2009,G12,1
2009,G15,1
2009,G23,1
2009,Gender,1
2009,Gold standard,1
2009,Government failures,1
2009,Growth,1
2009,Illegal trade,1
2009,Immigration,1
2009,Income concentration,1
2009,Information and communication technologies (ICT),1
2009,Institutions,1
2009,Job creation,1
2009,Labor regulations,1
2009,Multi-block tariff,1
2009,Pre-primary education,1
2009,Profit rates,1
2010,NA,697
2010,Cointegration,204
2010,Fiscal policy,140
2010,G32,107
2010,Business cycles,91
2010,Elections,83
2010,Economic growth,67
2010,Tax competition,58
2010,"During and after the Great Recession that began in December 2007, the US federal government enacted several rounds of activist fiscal policy. In this paper, we review the recent evolution of thinking and evidence regarding the effectiveness of activist fiscal policy. Although fiscal interventions aimed at stimulating and stabilizing the economy have returned to common use, their efficacy remains controversial. We review the debate about the traditional types of fiscal policy interventions, such as broad-based tax cuts and spending increases, as well as more targeted policies. While there have been improvements in estimates of the effects of broad-based policies, much of what has been learned recently concerns how such multipliers might vary with respect to economic conditions, such as the credit market disruptions and very low interest rates that were central features of the Great Recession. The eclectic and innovative interventions by the Federal Reserve and other central banks during this period highlight the imprecise divisions between monetary and fiscal policy and the many channels through which fiscal policies can be implemented.",39
2010,Growth,36
2010,Institutions,36
2010,Emerging markets,12
2010,Panel data,11
2010,Inequality,9
2010,Accumulation,8
2010,Capital income taxation,8
2010,City of London,8
2010,Bertrand,7
2010,Co-integration,7
2010,Altruism,6
2010,Consumption,6
2010,Agglomeration,5
2010,Chronic poverty,5
2010,Co-payments,5
2010,Endogenous growth,5
2010,Human capital,5
2010,Absenteeism,4
2010,Aggregate consumption,4
2010,Amnesty,4
2010,Asset index,4
2010,Asymmetric or symmetric loss,4
2010,Business cycle,4
2010,Choice experiment,4
2010,Informal sector,4
2010,Abortion,3
2010,Affirmative action,3
2010,Antidumping,3
2010,Asynchronous moves,3
2010,Auto industry,3
2010,Bequest taxation,3
2010,Bootstrap,3
2010,CPI,3
2010,China,3
2010,Competition,3
2010,Demographic changes,3
2010,Disclosure,3
2010,Discrimination,3
2010,Education,3
2010,Efficiency,3
2010,Emigration,3
2010,Exchange rates,3
2010,G12,3
2010,Immigration,3
2010,Market-clearing wages,3
2010,Aggregated forecasts,2
2010,Air quality,2
2010,Analytical hierarchy process,2
2010,Asymmetric adjustment,2
2010,Bayesian methods,2
2010,Bribes,2
2010,Calendar anomalies,2
2010,Cash transfer programs,2
2010,Catching up,2
2010,Civic engagement,2
2010,Contagion,2
2010,Corporate taxation,2
2010,Credit risk,2
2010,D03,2
2010,Donation,2
2010,Educational production,2
2010,Egalitarianism,2
2010,Failing states,2
2010,Hausman test,2
2010,Layoffs,2
2010,Natural resources,2
2010,Politicians,2
2010,1st derivative function,1
2010,Ageing,1
2010,Appearance,1
2010,Asymmetric information,1
2010,Banking development,1
2010,Bargaining,1
2010,Bayesian estimation,1
2010,Beliefs,1
2010,Bernoulli,1
2010,Book-to-market,1
2010,Boycotts,1
2010,Causality,1
2010,Cholera,1
2010,Circumstance solidarity,1
2010,Climate change,1
2010,Cointegrating VARs,1
2010,Colombia,1
2010,Colonization,1
2010,Communal institutions,1
2010,Community,1
2010,Compensation packages,1
2010,Conflict,1
2010,Consumer price index,1
2010,Credibility,1
2010,Disability insurance,1
2010,Discrete public good,1
2010,Downwards nominal wage rigidity,1
2010,Duration analysis,1
2010,Dynamic general equilibrium,1
2010,Earnings,1
2010,Economic activity,1
2010,Economic development,1
2010,Education reform,1
2010,Educational expectations,1
2010,Elderly and educational spending,1
2010,Election,1
2010,Entrepreneurial ability,1
2010,Equivalence scales,1
2010,Euro,1
2010,Extended family network,1
2010,Factor model,1
2010,Factor shares,1
2010,Federalism,1
2010,Firm size,1
2010,Fixed effects,1
2010,Formal and informal sectors,1
2010,GP services,1
2010,Granger causality,1
2010,Higher education,1
2010,Hourly wage rates,1
2010,Household portfolio choice,1
2010,Income variability,1
2010,Inheritance,1
2010,Land titling,1
2010,Life-cycle model,1
2010,Liquidity,1
2010,Liquidity constraints,1
2010,Long-run growth,1
2010,Markov equilibria,1
2010,Media,1
2010,Monetary exchange rates model,1
2010,Optimal macroeconomic policies,1
2011,NA,707
2011,Economic growth,261
2011,Panel data,183
2011,Charitable giving,122
2011,G12,86
2011,Brain drain,73
2011,Growth,64
2011,Terrorism,56
2011,Mortality,45
2011,Credit policy,42
2011,Analytic hierarchy process,37
2011,COMPLETION,24
2011,Inflation,17
2011,AFTA,13
2011,Adult mortality,13
2011,Alliance,13
2011,Asymmetric adjustment,13
2011,19th century,11
2011,Equality of opportunity,11
2011,New Keynesian,10
2011,Causality,9
2011,Child labor,9
2011,Cointegration,9
2011,Monetary policy,9
2011,Consumer expectation,8
2011,Added-worker effect,7
2011,Cognitive skills,7
2011,Political economy,7
2011,Bayesian econometrics,6
2011,Conditional heteroscedasticity,6
2011,Consumption smoothing,6
2011,Endogenous time preference,6
2011,Gender,6
2011,Asymmetries,5
2011,Bias,5
2011,Capital allocation,5
2011,Economic geography,5
2011,Factor models,5
2011,Agreements,4
2011,Albert Hirschman,4
2011,Carbon price,4
2011,Charity,4
2011,Child care subsidies,4
2011,Child mortality,4
2011,Distribution free test,4
2011,Efficiency wage hypothesis,4
2011,ARIMA,3
2011,Access to finance,3
2011,Adolescents,3
2011,Anthropometrics,3
2011,Backward linkages,3
2011,Capability approach,3
2011,Caste,3
2011,Children,3
2011,Climate change,3
2011,Conditional convergence,3
2011,Consumer demand,3
2011,Continuous time econometrics,3
2011,Cross-culture study,3
2011,Current account,3
2011,Diversification,3
2011,Education,3
2011,Fairness,3
2011,Fertilizer,3
2011,18th-20th century,2
2011,19th-20th century,2
2011,Agent based modeling,2
2011,Agricultural institutions,2
2011,Autocracy,2
2011,Bayesian game,2
2011,Behind the border costs,2
2011,Board size,2
2011,Bond markets,2
2011,Britain,2
2011,CGE,2
2011,Capabilities,2
2011,Colonial history,2
2011,Conditional volatility,2
2011,Corporate control,2
2011,Corporation tax,2
2011,Counter-terrorism,2
2011,Crime,2
2011,Development,2
2011,Disadvantaged groups,2
2011,Displacement effect,2
2011,Distributional justice,2
2011,Downwards nominal wage rigidity,2
2011,Efficiency,2
2011,Entrepreneurship,2
2011,Exchange rate volatility,2
2011,Farm productivity,2
2011,Financial constraints,2
2011,Financial market integration,2
2011,Firm start-ups,2
2011,Fiscal policy,2
2011,Gold Dinar,2
2011,International environmental agreements,2
2011,Absolute income,1
2011,Across income spectrum prediction,1
2011,Adolescent motherhood,1
2011,Africa,1
2011,Aggregate infrastructure capital stock,1
2011,Agricultural trade,1
2011,Backward spillovers,1
2011,Bailouts,1
2011,Bankable permits,1
2011,Banking,1
2011,Bankruptcy costs,1
2011,Bayesian analysis,1
2011,Bounding coefficient estimates,1
2011,Business cycle,1
2011,Business-state relationship,1
2011,Candidate selection,1
2011,Civil war,1
2011,Coattail voting,1
2011,Commercialization,1
2011,Community-driven development,1
2011,Competition,1
2011,Conditional cash transfers,1
2011,Conflict,1
2011,Consociational theory,1
2011,Credit constraints,1
2011,Credit-view model,1
2011,Cross country comparison,1
2011,Culture,1
2011,D10,1
2011,DSGE,1
2011,Democracy,1
2011,Demographic factors,1
2011,Deposit pricing,1
2011,Disability insurance,1
2011,Distance function,1
2011,Domestic innovation,1
2011,Economic development,1
2011,Electronics products,1
2011,Employment,1
2011,Enforcement,1
2011,Ethnic discrimination,1
2011,Excessive Deficit Procedure,1
2011,Exchange rate regimes,1
2011,Expected uncovered gross foreign return,1
2011,Experiments,1
2011,Factor endowments and increasing returns,1
2011,Firm Size,1
2011,Firm specific capital costs,1
2011,Foreign direct investment,1
2011,G10,1
2011,G21,1
2011,Globalization,1
2011,Immigration,1
2011,Impact evaluation,1
2011,Informality,1
2011,Liverpool,1
2011,Minimum wage,1
2011,Mixed-race slaves,1
2011,Negative binomial panel,1
2011,New trade theory,1
2011,Profit sharing,1
2011,Road safety,1
2012,NA,771
2012,Panel data,405
2012,Economic growth,271
2012,Africa,112
2012,Growth,97
2012,Fiscal federalism,83
2012,G32,79
2012,Belief distortions,54
2012,Corruption,39
2012,"American higher education is in transition along many dimensions: tuition levels, faculty composition, expenditure allocation, pedagogy, technology, and more. During the last three decades, at private four-year academic institutions, undergraduate tuition levels increased each year on average by 3.5 percent more than the rate of inflation",35
2012,Additive mixed model,34
2012,Economic history,34
2012,Monetary policy,28
2012,Bayesian estimation,21
2012,Child labor,21
2012,Cointegration,18
2012,Welfare,18
2012,Infrastructure,16
2012,Bootstrapping,15
2012,0-1 test,12
2012,Adjustment channels,10
2012,Environmental Kuznets curve,10
2012,Gender,10
2012,AS AD,9
2012,Brazil,9
2012,Inflation,9
2012,Agroterrorism,8
2012,Asymmetric cointegration,8
2012,Catching-up,8
2012,Chinese economy,8
2012,Early modern period,8
2012,Archimedean copulas,7
2012,Asymmetric loss,7
2012,Chinese firms,7
2012,Informal economy,7
2012,Agricultural sector,6
2012,Asset pricing,6
2012,Asymmetric financing,6
2012,Bubbles,6
2012,Business cycles,6
2012,Central bank,6
2012,Consumer demand,6
2012,Aggregation,5
2012,Alcohol,5
2012,Assimilation,5
2012,Biological Standard of Living,5
2012,Bivariate Probit,5
2012,Children,5
2012,ARDL bounds tests,4
2012,Applied general equilibrium,4
2012,Artefactual field experiment,4
2012,Autocorrelation test,4
2012,Business groups,4
2012,China,4
2012,Civil union,4
2012,Commercial and Cooperative banks,4
2012,Gender quotas,4
2012,Insurance,4
2012,Microcredit,4
2012,19th century,3
2012,Agricultural development,3
2012,Asset prices,3
2012,Automatic reinstatement,3
2012,Bank capital buffers,3
2012,Bureaucracy,3
2012,Cognitive skill,3
2012,Count data,3
2012,Debt,3
2012,G01,3
2012,In-sample tests,3
2012,Informal sector,3
2012,Investment,3
2012,Labor supply,3
2012,1929 crisis,2
2012,3SLS system regressions,2
2012,Absenteeism,2
2012,Advertising,2
2012,Agricultural technologies,2
2012,Altruistic punishment,2
2012,Asset dynamics,2
2012,Attitudes towards migration,2
2012,Bernoulli utility function,2
2012,Budget deficits,2
2012,Building standards,2
2012,C30,2
2012,Central Banking,2
2012,Central bank communication,2
2012,Central bank independence,2
2012,Climate change,2
2012,Consequentialism,2
2012,Country portfolio,2
2012,Difference-in-difference,2
2012,Euro area,2
2012,Excess female mortality,2
2012,Field experiment,2
2012,Generalized morality,2
2012,German Hartz IV reforms,2
2012,Survey design,2
2012,ADHD diagnosis,1
2012,ASEAN economic integration,1
2012,Absorptive capacity,1
2012,Accountability,1
2012,Adult education,1
2012,Age at immigration,1
2012,Ancient Athens,1
2012,Anemia,1
2012,Assortative matching,1
2012,Attrition,1
2012,Beliefs,1
2012,Bimetallism,1
2012,Birth weight,1
2012,Bootstrap,1
2012,Brussels Stock Exchange,1
2012,CDS spread,1
2012,CGE model,1
2012,CHINA housing market,1
2012,Capital mobility,1
2012,Cohort crowding,1
2012,Communication,1
2012,Conflict,1
2012,Credit,1
2012,Delineation of micro-regional policy areas,1
2012,Deprivation,1
2012,Direct elicitation,1
2012,Discount factor,1
2012,Divorce law,1
2012,Dynamic panel data models,1
2012,Econometrics,1
2012,Entry modes,1
2012,Environmental policies,1
2012,Environmental tax,1
2012,Equality of opportunities,1
2012,Equilibrium tax revenue,1
2012,Ethnic wage gap,1
2012,European countries,1
2012,Excess variance,1
2012,Export,1
2012,Export decisions,1
2012,Family policy,1
2012,Female subjugation,1
2012,Financial constraints,1
2012,Financial development,1
2012,Firm heterogeneity,1
2012,Fiscal interaction,1
2012,Flattening Phillips curve,1
2012,Food subsidy,1
2012,G00,1
2012,G12,1
2012,GMM,1
2012,Generalized second-price auctions,1
2012,Geographically weighted regression,1
2012,Growth acceleration,1
2012,Israeli-Palestinian conflict,1
2012,J23,1
2012,Kenyan post-election crisis,1
2012,Malthusian model,1
2012,Oil shocks,1
2012,Political preferences,1
2012,School quality,1
2012,Signaling,1
2013,NA,786
2013,Economic growth,499
2013,Experiment,416
2013,China,101
2013,Education,100
2013,G12,62
2013,Political economy,60
2013,Business cycle,58
2013,Great Depression,33
2013,Cointegration,32
2013,Bootstrap panel Granger causality test,31
2013,Growth,27
2013,Inflation,18
2013,Oil price,18
2013,AGOA,16
2013,Africa,13
2013,Asymptotic optimality,13
2013,Migration,13
2013,(Global) Financial crisis,12
2013,Bayesian estimation,12
2013,Structural breaks,12
2013,Asset pricing model,11
2013,Inflation targeting,11
2013,International migration,11
2013,Artificial intelligence,10
2013,Beauty,10
2013,Air pollution,9
2013,Causality,9
2013,Climate policy,9
2013,Financial crisis,9
2013,Financial development,9
2013,Gender,9
2013,Panel data,9
2013,Unemployment,9
2013,Absolute excess returns,8
2013,18th century England,7
2013,Agent-based model,7
2013,Asset index,7
2013,Attainment levels,7
2013,Conditional cash transfers,7
2013,Dependency,7
2013,Informality,7
2013,Birth weight,6
2013,Bond yield,6
2013,Business cycles,6
2013,Central bank communication,6
2013,Discrimination,6
2013,Wealth,6
2013,ARDL,5
2013,Ambiguity,5
2013,Asymmetric adjustment,5
2013,Auction,5
2013,Automatic model selection,5
2013,BRICS,5
2013,Capture,5
2013,Chinese economy,5
2013,Credit availability,5
2013,Ad valorem tax,4
2013,Agriculture,4
2013,Antibiotics prescription,4
2013,Asia,4
2013,Bayesian inference,4
2013,Big push,4
2013,Bilingual education,4
2013,Child labor,4
2013,Credit constraints,4
2013,Exchange rate misalignment,4
2013,GDP,4
2013,Women,4
2013,American colonial trade,3
2013,Asymmetric cointegration,3
2013,Asymmetric price transmission effects,3
2013,Balance-of-payments adjustment,3
2013,Block exogeneity,3
2013,Choice set,3
2013,Country specific time-series,3
2013,Darfur,3
2013,Deflation,3
2013,Democracy,3
2013,Development,3
2013,Employment,3
2013,Field experiment,3
2013,Foreign direct investment,3
2013,Ability bias,2
2013,Academic research,2
2013,Aging,2
2013,Aid effectiveness,2
2013,Altruism,2
2013,Arm's-length trade,2
2013,Asymmetric tax competition,2
2013,Audit,2
2013,Average bid,2
2013,Bargaining,2
2013,Bayesian methods,2
2013,Beijing,2
2013,Bilateral trade,2
2013,CO2 emission,2
2013,Catholicism,2
2013,Common structural break test,2
2013,Computable general equilibrium models,2
2013,Congestion,2
2013,Conspicuous consumption,2
2013,Consumer Price Index,2
2013,Corruption,2
2013,Current account,2
2013,Early financial markets,2
2013,Health care utilization,2
2013,Human capital,2
2013,Inventory theory,2
2013,19th century,1
2013,ARDL approach,1
2013,Age-heaping,1
2013,Agglomeration economies,1
2013,Anti-drug policy,1
2013,Asymmetric information,1
2013,Barrier effect,1
2013,Bolivia,1
2013,Bootstrap,1
2013,C32,1
2013,Capital structure,1
2013,Case studies,1
2013,Catching-up,1
2013,Collective trust,1
2013,Commodity prices,1
2013,Communism,1
2013,Community driven development,1
2013,Composition,1
2013,Computable general equilibrium model,1
2013,Conflict,1
2013,Consumer demand,1
2013,Consumption externality,1
2013,Credit constraint,1
2013,Credit rating agencies,1
2013,Crowd-in,1
2013,Crowding-in,1
2013,Decomposition,1
2013,Direct democracy,1
2013,Disability,1
2013,Discretion,1
2013,Disinflation,1
2013,Duration analysis,1
2013,Duration dependence,1
2013,Dynamic macroeconomic model,1
2013,Dynamic panel data,1
2013,Dynamic panel-data models,1
2013,ECM,1
2013,EMU,1
2013,Economic development,1
2013,"Economic, political and institutional factors",1
2013,Efficient mechanisms,1
2013,Endogeneity,1
2013,Environmental regulation,1
2013,Ethnic diversity,1
2013,European Union,1
2013,Family benefits,1
2013,Female suffrage,1
2013,Financial integration,1
2013,Financial markets,1
2013,Firm heterogeneity in factor intensities,1
2013,Foreign aid,1
2013,Formal and informal contracting,1
2013,Formal and informal institutions,1
2013,Forward foreign exchange rates,1
2013,G11,1
2013,Generalized Axiom of Revealed Preference,1
2013,Giving,1
2013,Idiosyncratic unemployment risk,1
2013,Income shifting,1
2013,International trade,1
2013,Interwar labor markets,1
2013,Labor compensation,1
2013,Law of one price,1
2013,Malaria,1
2013,Micro-data,1
2013,Microfinance,1
2013,Principle-agent,1
2014,NA,802
2014,Economic growth,419
2014,Monetary policy,309
2014,Property rights,127
2014,Public goods,124
2014,Learning,110
2014,G01,73
2014,Political economy,68
2014,Default,67
2014,Growth,37
2014,Gender,29
2014,Agriculture,26
2014,E3,23
2014,Early modern period,22
2014,(Shannonian) transfer entropy,21
2014,Business cycle,17
2014,Corporate governance,17
2014,Abnormal stock returns,16
2014,Age structure,16
2014,Asset pricing,15
2014,(Nonlinear) unit root test,14
2014,Alcohol Drinking,13
2014,Economic development,12
2014,Fiscal policy,12
2014,Labor productivity,12
2014,Stock markets,12
2014,Africa,10
2014,Asymptotic normality,9
2014,Carbon emissions,9
2014,Attendance and activity in parliament,8
2014,Climate policy,8
2014,Co-movement,8
2014,adjustment,8
2014,Agricultural investment,7
2014,Cointegration,7
2014,ICAPM,7
2014,Land reform,7
2014,AIDS,6
2014,Carry trades,6
2014,Experiment,6
2014,Tax evasion,6
2014,Well-being,6
2014,Analyst following,5
2014,Asymmetric information,5
2014,Basel III,5
2014,Behavioral economics,5
2014,Business tax,5
2014,Wages,5
2014,Agenda control,4
2014,Alcohol,4
2014,Asian markets,4
2014,Asymmetry,4
2014,Banking policy,4
2014,Bargaining solutions,4
2014,Carbon mitigation,4
2014,Food-aid,4
2014,3SLS system regressions,3
2014,Accountability,3
2014,Asymmetries,3
2014,Automatic promotion,3
2014,Benefits,3
2014,Birth outcomes,3
2014,CGE model,3
2014,Choice of technique,3
2014,Cointegration tests,3
2014,Committees,3
2014,Credit,3
2014,Differential capital asset taxation,3
2014,Education,3
2014,FDI determinants,3
2014,Inflation rate,3
2014,Absorption constraints,2
2014,Anthropometrics,2
2014,Arrests,2
2014,Asset integration,2
2014,Austerity measures,2
2014,Bagehot,2
2014,Banking system,2
2014,Bargaining,2
2014,Bayesian econometrics,2
2014,Bayesian estimation,2
2014,Bequest taxation,2
2014,Bounds,2
2014,CEE transition economies,2
2014,Climate change,2
2014,Cognitive bias,2
2014,Competitiveness,2
2014,Consumer price index,2
2014,Coup d'Etat,2
2014,Destitution among working poor,2
2014,Dismissal disputes,2
2014,Equity premium,2
2014,Ethnic,2
2014,European Union,2
2014,European periphery,2
2014,Fractionally integrated process,2
2014,Gender effects,2
2014,Government expenditures,2
2014,Intra-household,2
2014,Labor supply,2
2014,Panel unit root,2
2014,ARDL bounds testing approach,1
2014,ASEAN stock market,1
2014,Administration,1
2014,Administrative reform,1
2014,Agricultural labor markets,1
2014,Antitrust policy,1
2014,Asset prices,1
2014,Bank of Amsterdam,1
2014,Behavioral economic nudges,1
2014,Brussels Stock Exchange,1
2014,Bureaucracy,1
2014,Business training,1
2014,Calorie deficiency,1
2014,Capacity constraints,1
2014,Capital markets,1
2014,Careers,1
2014,Cash and in-kind transfers,1
2014,Central and eastern European countries (CEEC),1
2014,Central bank communication,1
2014,China,1
2014,Collective wage agreements,1
2014,Commodity futures,1
2014,Competing risks,1
2014,Consumer demand,1
2014,Convergence,1
2014,Corruption,1
2014,Credit markets,1
2014,Cross-border acquisitions,1
2014,DD,1
2014,Deregulation,1
2014,Deterrence,1
2014,Difference-in-differences,1
2014,Directed technical change,1
2014,Discrimination,1
2014,Electoral cycle,1
2014,Electoral turnout,1
2014,Emerging markets,1
2014,Energy imports,1
2014,Entrepreneurial skills,1
2014,Entry barriers,1
2014,Event study,1
2014,Experimental economics,1
2014,Exports,1
2014,FAHP,1
2014,Financial decision-making,1
2014,Firm productivity,1
2014,Firm size,1
2014,GMM,1
2014,Gift giving,1
2014,Goals,1
2014,I-distance method,1
2014,Imperial Economic Conference,1
2014,In-house,1
2014,Industrial Revolution,1
2014,Industrialization,1
2014,Innovation and trade,1
2014,Intra-household resource allocation,1
2014,Lab-in-the-field experiment,1
2014,Latin American countries,1
2014,Local public finance,1
2014,Market performance,1
2014,Maternal smoking,1
2014,Multiple rankings regression discontinuity design,1
2014,Natural field experiment,1
2015,NA,770
2015,Monetary policy,368
2015,Panel data,286
2015,Business cycle,106
2015,Experiment,100
2015,Corruption,78
2015,G12,77
2015,India,62
2015,ASEAN,35
2015,Nineteenth century,23
2015,Academic performance,22
2015,Africa,18
2015,Data envelopment analysis,18
2015,Crisis,17
2015,Asset quality,16
2015,Asset prices,15
2015,Conflict,14
2015,Relative income,14
2015,Spain,14
2015,Birth weight,13
2015,Benchmarking,11
2015,China,11
2015,BEKK,9
2015,Banks,9
2015,Canadian economy,9
2015,Inheritance,9
2015,2009 Recovery Act,8
2015,Bankruptcy costs,8
2015,Agriculture,7
2015,Asia,7
2015,Asymmetric information,7
2015,Economic-driven tourism growth,7
2015,Active labour market policy,6
2015,Air pollution,6
2015,Asymmetric price adjustment,6
2015,Causality,6
2015,Central bank,6
2015,Conditional efficiency,6
2015,Advertising,5
2015,Asymmetric loss,5
2015,Asymmetric loss function,5
2015,Bottom-up modeling,5
2015,Conformism,5
2015,Fiscal forecasts,5
2015,Asset transfer,4
2015,Bosnia,4
2015,Child development,4
2015,Clientelism,4
2015,DEA,4
2015,DSGE models,4
2015,Generalised impulse responses,4
2015,Panel stationarity test with multiple structural breaks,4
2015,Poverty,4
2015,Agglomeration economies,3
2015,Alcohol,3
2015,Asia's Four Little Dragons,3
2015,Auctions,3
2015,Bailouts,3
2015,Bayesian estimation,3
2015,Bilateral trade,3
2015,Biological living standards,3
2015,Border carbon adjustment,3
2015,Capital accumulation,3
2015,Cointegration techniques,3
2015,Competition,3
2015,Competition policy,3
2015,Congestion,3
2015,Consumption,3
2015,Corporate taxation,3
2015,Deflation,3
2015,Deregulation,3
2015,Developing countries,3
2015,Direct democracy,3
2015,Distributive politics,3
2015,Education,3
2015,Eurozone,3
2015,Great divergence,3
2015,Happiness,3
2015,comparative economic history,3
2015,Access policy,2
2015,Accountability,2
2015,Agency problems,2
2015,All-pay auction,2
2015,Argentina,2
2015,Asymmetric effect,2
2015,Bayesian VARs,2
2015,Bihar,2
2015,Birth,2
2015,Bureaucracy,2
2015,Climate damages,2
2015,Composite Commodity Theorem,2
2015,Constrained consumption,2
2015,Corporate governance in emerging markets,2
2015,Dynamic panel data,2
2015,Fairness,2
2015,Financial literacy,2
2015,Hyperbolic memory discounting,2
2015,Informal economy,2
2015,International conflicts,2
2015,AUH,1
2015,Absorptive capacity,1
2015,Adaptation,1
2015,Adverse clearings,1
2015,Aggregate matching function,1
2015,Altham statistic,1
2015,Ancient Athens,1
2015,Asymmetric preferences,1
2015,Asymmetries,1
2015,Australia,1
2015,Bank business models,1
2015,Bayesian,1
2015,Bootstrap,1
2015,Borrowing constraints,1
2015,Brussels stock exchange,1
2015,Business cycles,1
2015,Canadian development,1
2015,Cape Colony,1
2015,Capital controls,1
2015,Censored quantile regression,1
2015,Child mortality risk,1
2015,Child sex tourism,1
2015,Cliff vesting,1
2015,Commodity price volatility,1
2015,Common pool,1
2015,Consensus effect,1
2015,Construction procurement,1
2015,Contract teachers,1
2015,Credit,1
2015,Crime,1
2015,Cross-country comparisons,1
2015,Demography,1
2015,Direct linkages,1
2015,Disability Insurance,1
2015,Dynamic Applied General Equilibrium Models,1
2015,Dynamic probit model with random effects,1
2015,Economic growth,1
2015,Economic history,1
2015,Economic voting,1
2015,Efficiency,1
2015,Elasticity of taxable income,1
2015,Exchange rates,1
2015,Export participation,1
2015,Female genital cutting,1
2015,Fetal Origins Hypothesis,1
2015,Field experiment,1
2015,Financial access,1
2015,Flypaper effect,1
2015,Health care,1
2015,Historical population,1
2015,Home care,1
2015,Identification,1
2015,Ideology,1
2015,Incumbency advantage,1
2015,Inflationary behaviour,1
2015,Information asymmetries,1
2015,Integration,1
2015,Intergenerational correlation,1
2015,Internet diffusion,1
2015,Local governments,1
2015,Risk preferences,1
2015,Stochastic frontier analysis,1
2015,Terrorism,1
2016,NA,802
2016,Monetary policy,349
2016,Identification,280
2016,Discrimination,133
2016,Contagion,90
2016,G12,79
2016,Corruption,76
2016,Charitable giving,73
2016,Wealth inequality,67
2016,Economic freedom,47
2016,Great Depression,26
2016,Business cycle,20
2016,Gender,18
2016,Stock price crash risk,18
2016,Education,16
2016,Gold,15
2016,Global financial crisis,13
2016,Reversal of fortune,13
2016,Aggregate fluctuations,12
2016,Personality,12
2016,Active labor market policy,10
2016,ASEAN,9
2016,ASEAN countries,9
2016,Asymptotic theory,8
2016,Bootstrap DEA,8
2016,Age groups,7
2016,Agricultural markets,7
2016,Economic policy uncertainty,7
2016,Input-output,7
2016,Africa,6
2016,Ageing,6
2016,Agent-based Computational Economics,6
2016,Applied general equilibrium,6
2016,Arbitrage,6
2016,Children,6
2016,Gold standard,6
2016,Adaptation to climate change,5
2016,Asset price,5
2016,BART algorithm,5
2016,Bargaining power,5
2016,Bayesian econometrics,5
2016,Belgium,5
2016,British colonies,5
2016,Causality,5
2016,Conflict,5
2016,Consensus Economics,5
2016,Currency manipulation,5
2016,(In-)stability,4
2016,Adverse selection,4
2016,Argentina,4
2016,Bailout program,4
2016,Catastrophe,4
2016,Climate change adaptation,4
2016,Congestion,4
2016,Congestion externalities,4
2016,Continuous wavelet transform,4
2016,Distributive politics,4
2016,E41,4
2016,Advertisements,3
2016,Agricultural productivity,3
2016,Agriculture,3
2016,Approval voting,3
2016,Benefit generosity,3
2016,Best response acyclic games,3
2016,Budget deficits,3
2016,Business training,3
2016,Campaign contributions,3
2016,Capital accumulation,3
2016,Capital structure,3
2016,Child mortality,3
2016,Chinese imports,3
2016,Comovement,3
2016,Difference-in-differences,3
2016,E44,3
2016,Employment,3
2016,Financial access,3
2016,Political economy,3
2016,Academic fraud,2
2016,Agent based lending,2
2016,Alcohol,2
2016,Average treatment effects,2
2016,Bailouts,2
2016,Bayesian analysis,2
2016,Beliefs,2
2016,Bolivia,2
2016,Civil service,2
2016,Colonial economy,2
2016,Common-pool,2
2016,Complexity,2
2016,Core supporters,2
2016,Deskilling,2
2016,Development,2
2016,Dividend discount model,2
2016,Economic geography,2
2016,Efficiency,2
2016,Entrepreneurial firms,2
2016,F31,2
2016,Fractional integration,2
2016,Immigration,2
2016,Manpower mobilization,2
2016,African labour markets,1
2016,Agricultural production,1
2016,Aid and reconstruction,1
2016,Anthropometrics,1
2016,Bank affiliation,1
2016,Bank ownership,1
2016,Bayesian structural VAR,1
2016,Biofuel,1
2016,Breast cancer,1
2016,Capacity utilisation,1
2016,Chernobyl,1
2016,Child dietary diversity,1
2016,China,1
2016,Civil conflict,1
2016,Commodity shocks,1
2016,Computable general equilibrium model,1
2016,Cross-border M&As,1
2016,Cross-cultural perceptions,1
2016,Currency changeover,1
2016,Cyclically adjusted revenues,1
2016,DSGE models,1
2016,Debt deflation,1
2016,Debt guarantees,1
2016,Devaluation,1
2016,Economic growth,1
2016,Education finance,1
2016,Elections,1
2016,Electoral franchise,1
2016,Entrepreneurship,1
2016,European Structural Funds,1
2016,Export,1
2016,F34,1
2016,Favor exchange,1
2016,Female political representation,1
2016,Fertility,1
2016,Field experiment,1
2016,Financial crisis,1
2016,Finland,1
2016,Firm-level data,1
2016,Fiscal federalism,1
2016,Fiscal impoverishment,1
2016,Forecast,1
2016,Gasoline prices,1
2016,Global warming,1
2016,Good-specific discounting,1
2016,Greece,1
2016,Health,1
2016,Historical statistics,1
2016,Home bias,1
2016,Income inequality,1
2016,Insurance,1
2016,International trade,1
2016,Intertemporal CGE models,1
2016,Intertemporal choices,1
2016,Labor market,1
2016,Microdata evidence,1
2016,Municipalities,1
2017,NA,968
2017,Business cycles,296
2017,Fiscal policy,241
2017,Economic growth,127
2017,Inequality,102
2017,Agriculture,69
2017,India,67
2017,Political economy,44
2017,Bonds,39
2017,CGE,29
2017,Adaptation,22
2017,Economic history,18
2017,Fertility,17
2017,Contagion,14
2017,ARDL,12
2017,Gender,12
2017,Affirmative action,10
2017,Climate change,10
2017,ARMA modeling,9
2017,agricultural productivity,9
2017,Banking,8
2017,Inflation,8
2017,ACE,7
2017,Africa,7
2017,CDS,7
2017,Cultural distance,7
2017,Behavioral industrial organization,6
2017,Border carbon adjustment,6
2017,Exports,6
2017,Growth,6
2017,Nonlinear ARDL,6
2017,ASEAN stock markets,5
2017,Borrowing constraints,5
2017,Career concerns,5
2017,Corporate governance,5
2017,Debt crisis,5
2017,Development,5
2017,Extortion,5
2017,Germany,5
2017,Accountability,4
2017,Agency model,4
2017,Austerity,4
2017,Bureaucracy,4
2017,Choice fatigue,4
2017,Co-payments for police,4
2017,DSGE-VAR,4
2017,Democracy,4
2017,Exchange rate policy,4
2017,Age-crime profile,3
2017,Aid,3
2017,Amortization,3
2017,Anonymity,3
2017,Band-pass filter,3
2017,Bank capital regulation,3
2017,Bayesian Model Averaging,3
2017,Bayesian estimation,3
2017,Black Death,3
2017,Civil conflict,3
2017,Comparison groups,3
2017,Cottage industry,3
2017,Discrete bids,3
2017,Financial Constraints,3
2017,Gender biases,3
2017,9-ending prices,2
2017,Adaptive expectations,2
2017,Adjacency matrix,2
2017,African Stock Markets,2
2017,Agrarian economies,2
2017,Anthropometrics,2
2017,Artefactual field experiment,2
2017,Automobiles,2
2017,Banks,2
2017,Bequests,2
2017,Blood donation,2
2017,Border and internal enforcement,2
2017,Bubbles,2
2017,Bunching,2
2017,Catastrophe bonds,2
2017,Child malnutrition,2
2017,Clan,2
2017,Compulsory voting,2
2017,Computable OLG models,2
2017,Cooperation,2
2017,Counterterrorism,2
2017,DSGE model,2
2017,Direct deposit,2
2017,Firm age,2
2017,Health,2
2017,Hyperbolic discounting,2
2017,Immigration,2
2017,Income volatility,2
2017,Natural field experiment,2
2017,ARDL method,1
2017,Abuse of authority,1
2017,Access to credit,1
2017,Adaptive learning,1
2017,Administrative data,1
2017,Afterschool programs,1
2017,Appearance,1
2017,Bank strength,1
2017,Biological standard of living,1
2017,Bond spread,1
2017,Brinkmanship,1
2017,CGE modelling,1
2017,Capital accumulation,1
2017,Card payments,1
2017,Cash transfers,1
2017,Cash-credit choice,1
2017,Central banks,1
2017,Child labour,1
2017,Children,1
2017,China,1
2017,College graduation,1
2017,Colonial legacy,1
2017,Committees,1
2017,Common learning,1
2017,Compulsory licensing,1
2017,Computable general equilibrium models,1
2017,Consumer demand,1
2017,Consumer durables,1
2017,Corporate Governance,1
2017,Credit subsidies,1
2017,Crowdsourcing,1
2017,Currency risk,1
2017,Dependency theory,1
2017,Deskilling,1
2017,Difference-in-difference Methodology,1
2017,Direct democracy,1
2017,Dividend exemption,1
2017,Dynamic Effect,1
2017,Early marriage,1
2017,Early modern,1
2017,Ecology,1
2017,Economic development,1
2017,Economic policy,1
2017,Education,1
2017,Elections,1
2017,Electoral systems,1
2017,Enforcement,1
2017,Enterprise,1
2017,Entrepreneurship,1
2017,Establishment size,1
2017,Evaluation,1
2017,Externalities,1
2017,Family control,1
2017,Field experiment,1
2017,Financial multiplier,1
2017,Food security,1
2017,GDP,1
2017,High frequency individual data,1
2017,Long term care,1
2017,Measurement error,1
2017,banking book,1
2018,NA,859
2018,Monetary policy,316
2018,Bitcoin,308
2018,Business cycles,151
2018,Gender,130
2018,Inequality,129
2018,Corruption,79
2018,Chinese economy,42
2018,Development,29
2018,Africa,18
2018,Accumulation,16
2018,Human capital,15
2018,Adverse selection,14
2018,CAPM,14
2018,Uncertainty,14
2018,Agglomeration,13
2018,ATM access,11
2018,Asymmetric analysis,11
2018,Capital misallocation,11
2018,Children,11
2018,Informality,11
2018,Asymmetric tax competition,10
2018,Panel data,10
2018,A&H shares,9
2018,Affirmative action,9
2018,Asset purchase programs,9
2018,Convergence,9
2018,Fertility,9
2018,Agriculture,8
2018,Alliance,8
2018,Allocations,8
2018,Angela Merkel,8
2018,Bayesian VAR,8
2018,Carbon emissions targets,8
2018,Aid,7
2018,Basic income,7
2018,Connectedness index,7
2018,Elections,7
2018,Abuse,6
2018,Agency problem,6
2018,Business failure,6
2018,19th century,5
2018,Biological standard of living,5
2018,Central banking,5
2018,Climate change,5
2018,Cream skimming,5
2018,Mental health,5
2018,Migration,5
2018,3Ts model,4
2018,Active corruption,4
2018,Agricultural productivity,4
2018,Anthropometric history,4
2018,Appropriability,4
2018,Brexit,4
2018,Child development,4
2018,Crime,4
2018,Early-life,4
2018,Emerging countries,4
2018,Euro,4
2018,Public debt,4
2018,Agricultural investment,3
2018,Approval voting,3
2018,Bequests,3
2018,Buyouts,3
2018,Commitment,3
2018,Commodity price cycle,3
2018,Currency shock,3
2018,Effectiveness of defense,3
2018,England,3
2018,African development,2
2018,Agency conflicts,2
2018,Aggregate demand deficiency,2
2018,Aggregate productivity,2
2018,Asian stock markets,2
2018,Assassinations,2
2018,Asset indices,2
2018,Assimilation,2
2018,Attraction and attractiveness,2
2018,Bayesian disease mapping,2
2018,Bridge equations,2
2018,Buenos Aires,2
2018,Business cycle asymmetries,2
2018,Child gender,2
2018,Child penalty,2
2018,Competence,2
2018,Conflict,2
2018,Core inflation,2
2018,Crowding-out,2
2018,Debt,2
2018,Decentralization,2
2018,Developing countries,2
2018,Difference-in-differences methods,2
2018,Differences-in-geographic-discontinuity design,2
2018,Earnings inequality,2
2018,Effectiveness,2
2018,Field experiment,2
2018,Financial development,2
2018,Gender differences,2
2018,Gender wage gap,2
2018,Global value chains,2
2018,HIV,2
2018,Health at birth,2
2018,Income taxes,2
2018,Indoctrination,2
2018,Location choice,2
2018,Political cycles,2
2018,Public goods,2
2018,Return migration,2
2018,Adaptation,1
2018,Air pollution,1
2018,Ambiguity aversion,1
2018,Analytic narrative,1
2018,Artefactual field experiment,1
2018,Asset pricing,1
2018,Assortative mating,1
2018,Assortativity,1
2018,Baby-boomers,1
2018,Balance-sheet linkages,1
2018,Bank exposure to sovereign debt,1
2018,Banking flows,1
2018,Behavioural microsimulation,1
2018,Belief,1
2018,Bet size,1
2018,Betrayal aversion,1
2018,Budgetary overruns,1
2018,Business surveys,1
2018,Campbell's law,1
2018,Capital controls,1
2018,Cash transfers,1
2018,Catholicism,1
2018,Child growth,1
2018,Child support,1
2018,China,1
2018,Conditional cash transfers,1
2018,Contract teachers,1
2018,Corporate social responsibility,1
2018,Cost pass-through,1
2018,Credit risk,1
2018,Criminal deportations,1
2018,Decision-making,1
2018,Default risk,1
2018,Development aid,1
2018,Differential TFP growth,1
2018,Economic development,1
2018,Economic effects,1
2018,Education,1
2018,Efficiency,1
2018,Electric utilities,1
2018,Energy efficiency,1
2018,Environment protection,1
2018,Financial liberalization,1
2018,Firm performance,1
2018,Fiscal autonomy,1
2018,Fiscal policy,1
2018,Green building,1
2018,Growth models,1
2018,Household,1
2018,Indigenous peoples,1
2018,Industrialization,1
2018,Inflation,1
2018,Informal economy,1
2018,International equity markets,1
2018,Migrant selection,1
2018,Private schools,1
2018,Teachers gender biases,1
